ID,Domain,Topic,Question,Option A,Option B,Option C,Option D,Option E,Correct Answer,Explanation,Created At
1,Other,Arrays and Exception Handling,"What will be the output of following program code?

<code>
import java.io.*;
public class Main{
    public static void main(String args[]){
        int[] array = new int[10];
        System.out.println(""Accessing Element Eleven: "" + array[10]);
    }
}
</code>",Compilation Fails.,Oops. Identified Exception : java.lang.ArrayIndexOutOfBoundsException: 10,Accessing Element Eleven: 0,Oops. Identified Exception java.lang.NoDataFoundException.,,B,Array is declared with 10 elements. Then the code tries to access the 11th index element of the array which throws a standard exception java.lang.ArrayIndexOutOfBoundsException.,2025-06-04 23:10:53
2,Other,Exception Handling,"Choose the correct options to complete the following program code. (Select 2 options.)

<code>
1. public void method() _____ Exception {
2. _____ Exception();
}
</code>",Fill throws in line 1,Fill throws new in Line 1,Fill throw new in line 2,Fill throws in line 2,Fill throws new in line 2,"A,C","In method declaration, the keyword throws is used. So here at line 1 we have to use option A. To actually throw an exception, the keyword throw is used and a new exception is created, so at line 2 we have to use throw and new keywords, which is option C.",2025-06-04 23:10:53
3,Other,Arrays and Exception Handling,"Which exception will the following statement generate?

<code>
int array[] = new int[-2];
</code>",NullPointerException,NegativeArraySizeException,ArrayIndexOutOfBoundsException,IndexOutOfBoundsException,The statement executes without any exception.,B,"In the given statement we can see that we have passed a negative value for creating int array, which results in a NegativeArraySizeException.",2025-06-04 23:10:53
4,Other,Loop Constructs and Variable Scope,"What will be the output of following program code?

<code>
1. public class Main {
2.     public static void main(String[] args) {
3.         int sum = 0;
4.         
5.         for(int x = 0; x < 10; x++)
6.             sum += x;
7.         System.out.print(""sum for 0 to "" + x);
8.         System.out.println("" = "" + sum);
9.     }
10. }
</code>",sum for 0 to 9 = 45,sum for 0 to 10 = 45,Compilation fails due to an error in line 6.,Compilation fails due to an error in line 7.,Runtime Exception,D,"The scope of loop variables remains within the loop only. The code is trying to access that variable in line 7, which is out of the scope of the variable x causing a compile time error.",2025-06-04 23:10:53
5,Other,Java Compilation,"Which of the following is valid for compiling java source file with the name ""Main.java""?",javac Main.java,java Main.class,java Main.java,javac Main,java Main,A,"The compiler is invoked by the javac command. When compiling a java class, you must include the file name which houses the main class including the java extension.",2025-06-04 23:10:53
6,Handling Exceptions,Exception Handling,"Code:

<code>
public static void main(String[] args){
    Float number = Float.valueOf(args[0]);
}
</code>

Which of the following exceptions possible with above statement? (Choose three)",IllegalArgumentException,NumberFormatException,ArrayIndexOutOfBoundsException,NullPointerException,ClassCastException,"A,B,C","IllegalArgumentException can occur with invalid input, NumberFormatException for non-numeric strings, and ArrayIndexOutOfBoundsException if no arguments are provided.",2025-06-04 23:10:53
7,Working With Java Data Types,Identifiers,Which of the following is valid identifier?,_2DPoint,$ocajp,2DPoint,java@elabs,$*coffee,"A,B","Valid identifiers can start with letter, underscore, or dollar sign. _2DPoint and $ocajp are valid. 2DPoint starts with digit (invalid), java@elabs contains @ (invalid), $*coffee contains * (invalid).",2025-06-04 23:10:53
8,Working with Methods and Encapsulation,Inheritance and Access Modifiers,"Code:

<code>
1. package epracticelabs;
2.
3. public class A {
4.     protected int y = 15;
5. }
6. package elab;
7.
8. import epracticelabs.A;
9.
10. public class B extends A{
11.     int y = 10;
12.     public void print(){
13.         A a = new A();
14.         System.out.println(a.y + y);
15.     }
16. }
</code>

What is the output?",20,25,30,Compilation fails due to error at line 14,Compilation fails due to multiple errors,D,"In class B, we cannot access protected member y of class A through an instance of A from a different package, even though B extends A.",2025-06-04 23:10:53
9,Imports,Import Statements,"Code:

<code>
1. import java.util.Random;
2. import java.lang.System;
3. import java.util.*;
4. import java.lang.*;
5.
6. public class MyExamCloudOcajps {
7.
8.     public static void main(String[] args) {
9.         Random r = new Random();
10.        System.out.println(r.nextInt(10));
11.    }
12. }
</code>

Which lines contains redundant imports that not necessary for this code to compile?",Only lines 1 and 2,"Only lines 1,2 and 3","Only lines 2,3 and 4","Only lines 1,3 and 4",All,C,"Line 2 is redundant (java.lang.* imported by default), line 3 is redundant (line 1 already imports Random), line 4 is redundant (java.lang.* imported by default).",2025-06-04 23:10:53
10,Working with Selected classes from the Java API,Date and Time API,"Code:

<code>
1. import java.time.LocalDate;
2.
3. public class MyExamCloudOCajps{
4.     public static void main(String[] args) {
5.         LocalDate date = LocalDate.parse(""2014-12-30"");
6.         date = date.plusDays(2);
7.         date.plusHours(12);
8.         System.out.println(date.getYear() +"" ""+ date.getMonth() +"" ""+ date.getDayOfMonth());
9.     }
10. }
</code>

What is the output?",2015 JANUARY 1,2015 JANUARY 2,2014 JANUARY 3,An exception is thrown,Compilation fails,E,"LocalDate doesn't have plusHours method, so compilation fails.",2025-06-04 23:10:53
11,Working with Inheritance,Interfaces,Which of the following method can include in an interface?,"static void print(){ System.out.println(""interface""); }",static abstract void print(),default abstract void print(),"default String toString(){ return ""a""; }",None of above,"A,D","Interfaces can have static methods with implementation and default methods with implementation. Abstract methods cannot be static, and default methods cannot be abstract.",2025-06-04 23:10:53
12,Java 8 Features,Java 8 Enhancements,"Which of the followings can be considered as enhancements in java 8?

1. Support for the Lambda Expression.
2. Multiple inheritances.
3. Default methods in abstract classes.
4. Date and Time API",Only 1,1 and 4,"1, 2 and 4","1, 3 and 4",All of the above,B,"Java 8 introduced Lambda Expressions and new Date/Time API. Java doesn't support multiple inheritance, and default methods are in interfaces, not abstract classes.",2025-06-04 23:10:53
13,Other,Other,"What will be the output of following program code?

import java.io.*;
public class Main{
    public static void main(String args[]){…}
}",Compilation Fails.,Oops. Identified Exception : java.lang.ArrayIndexOutOfBoundsException: 10,Accessing Element Eleven: 0,Oops. Identified Exception java.lang.NoDataFoundException.,,B,Array is declared with 10 elements. Then the code tries to access the 11th index element of the array which throws a standard exception java.lang.ArrayIndexOutOfBoundsException.,2025-06-05 14:15:05
14,Other,Other,"Choose the correct options to complete the following program code. (Select 2 options.)

1. public void method() _____ Exception {
2. _____ Exception();
}",Fill throws in line 1,Fill throws new in Line 1,Fill throw new in line 2,Fill throws in line 2,Fill throws new in line 2,A,"In method declaration, the keyword throws is used. So here at line 1 we have to use option A. To actually throw an exception, the keyword throw is used and a new exception is created, so at line 2 we have to use throw and new keywords, which is option C.",2025-06-05 14:15:05
15,Other,Other,"Which exception will the following statement generate?

int array[] = new int[-2];",NullPointerException,NegativeArraySizeException,ArrayIndexOutOfBoundsException,IndexOutOfBoundsException,The statement executes without any exception.,B,"In the given statement we can see that we have passed a negative value for creating int array, which results in a NegativeArraySizeException.",2025-06-05 14:15:05
16,Other,Other,"What will be the output of following program code?

1. public class Main {
2.     public static void main(String[] args) {
3.         int sum = 0;
4.         
5.         for(int x = 0; x < 10; x++)
6.             sum += x;
7.         System.out.print(""sum for 0 to "" + x);
8.         System.out.println("" = "" + sum);
9.     }
10. }",sum for 0 to 9 = 45,sum for 0 to 10 = 45,Compilation fails due to an error in line 6.,Compilation fails due to an error in line 7.,Runtime Exception,D,"The scope of loop variables remains within the loop only. The code is trying to access that variable in line 7, which is out of the scope of the variable x causing a compile time error.",2025-06-05 14:15:05
17,Other,Other,"What will be the output of this program code?

import java.lang.*;
public class Main{
    public static void main(String[] args){…}
}",0,1200,Runtime exception NumberFormatException is generated.,Compilation fails due to an error at line 6.,Compilation fails due to an error at line 9.,E,,2025-06-05 14:15:05
18,Other,Other,"Choose the options that can replace the text ""abc"" in the above code. (Select 2 options)

public class Main {
    public static void main(String[] args){…}
}",int i : testData,int i = 0; i < 3; i++,i = 0; i < 3; i++,int i,i < 3,A,Option A: for each loop condition. Option B: generic for loop condition.,2025-06-05 14:15:05
19,Handling Exceptions,Handling Exceptions,"Code:

public static void main(String[] args){
    Float number = Float.valueOf(args[0]);
}

Which of the following exceptions possible with above statement? (Choose two)",IllegalArgumentException,NumberFormatException,ArrayIndexOutOfBoundsException,,,B,,2025-06-05 14:15:05
20,Working with Methods and Encapsulation,Working with Methods and Encapsulation,"Code:

1. package epracticelabs;
2.
3. public class A {
4.     protected int y = 15;
5. }
6. package elab;
7.
8. import epracticelabs.A;
9.
10. public class B extends A{
11.     int y = 10;
12.     public void print(){
13.         A a = new A();
14.         System.out.println(a.y + y);
15.     }
16. }

What is the output?",20,25,30,Compilation fails due to error at line 14,Compilation fails due to multiple errors,B,,2025-06-05 14:15:05
21,Imports,Imports,"Code:

1. import java.util.Random;
2. import java.lang.System;
3. import java.util.*;
4. import java.lang.*;
5.
6. public class MyExamCloudOcajps {
7.
8.     public static void main(String[] args) {
9.         Random r = new Random();
10.        System.out.println(r.nextInt(10));
11.    }
12. }

Which lines contains redundant imports that not necessary for this code to compile?",Only lines 1 and 2,"Only lines 1,2 and 3","Only lines 2,3 and 4","Only lines 1,3 and 4",All,C,,2025-06-05 14:15:05
22,Working with Selected classes from the Java API,Working with Selected classes from the Java API,"Code:

1. import java.time.LocalDate;
2.
3. public class MyExamCloudOCajps{
4.     public static void main(String[] args) {
5.         LocalDate date = LocalDate.parse(""2014-12-30"");
6.         date = date.plusDays(2);
7.         date.plusHours(12);
8.         System.out.println(date.getYear() +"" ""+ date.getMonth() +"" ""+ date.getDayOfMonth());
9.     }
10. }

What is the output?",2015 JANUARY 1,2015 JANUARY 2,2014 JANUARY 3,An exception is thrown,Compilation fails,E,"LocalDate doesn't have plusHours method, so compilation fails.",2025-06-05 14:15:05
23,Working With Java Data Types,Working With Java Data Types,"Code:

1. public class MyExamCloudOCAIPs {
2.
3.     static int y = 10;
4.
5.     public static void main(String[] args){
6.         int y;
7.         System.out.println(y + MyExamCloudOCAIPs.y);
8.     }
9. }

What is the output?",10,11,20,NullPointerException,Compilation error,E,"Local variable y is not initialized, causing compilation error.",2025-06-05 14:15:05
24,Working With Java Data Types,Working With Java Data Types,"Which of the following will convert following string to a primitive float?

String str = ""1.2"";",Float.parseFloat(str);,Float.valueOf(str);,new Float(str);,(float) str;,,A,,2025-06-05 14:15:05
25,Other,Other,"What is the output of the following code?

public class Test {
    public static void main(String[] args) {…}
}",10,11,12,13,,C,,2025-06-05 14:15:05
26,Other,Other,Which of the following is a valid main method?,public static int main(String[] args),public void main(String args[]),public static void main(String[] args),static void main(String args),,C,,2025-06-05 14:15:05
27,Other,Other,"What will be the result of the following code?

String s = ""Hello"";
s.concat("" World"");
System.out.println(s);",Hello,Hello World,World,Compilation Error,,A,,2025-06-05 14:15:05
28,Other,Other,What is the default value of a boolean variable in a class?,true,false,0,null,,B,,2025-06-05 14:15:05
29,Other,Other,Which one is not a Java keyword?,static,Integer,void,if,,B,,2025-06-05 14:15:05
30,Other,Other,Which statement is true about Java arrays?,Arrays are dynamically sized.,Arrays can store different data types.,The size of an array must be specified at declaration.,Arrays are objects in Java.,,D,,2025-06-05 14:15:05
31,Other,Other,Which operator is used to perform a short-circuit AND?,&,|,&&,||,,C,,2025-06-05 14:15:05
32,Other,Other,Which of the following classes is immutable?,StringBuilder,String,StringBuffer,All of the above,,B,,2025-06-05 14:15:05
33,Other,Other,"What is printed?

int i = 10;
int j = 5;
int result = i++ + ++j;
System.out.println(result);",15,16,17,18,,C,,2025-06-05 14:15:05
34,Other,Other,What is the return type of the main() method?,void,int,String,Object,,A,,2025-06-05 14:15:05
35,Other,Other,Which keyword is used to inherit a class?,implement,interface,inherits,extends,,D,,2025-06-05 14:15:05
36,Other,Other,Which of these access specifiers allows access only within the same class?,private,public,protected,default,,A,,2025-06-05 14:15:05
37,Other,Other,Which of the following is not a primitive type?,int,float,char,String,,D,,2025-06-05 14:15:05
38,Other,Other,Which exception is thrown when dividing by zero in Java?,NullPointerException,ArithmeticException,IllegalArgumentException,NumberFormatException,,B,,2025-06-05 14:15:05
39,Other,Other,How do you declare an abstract method?,public void doIt();,public void doIt() {},abstract void doIt();,void abstract doIt();,,C,,2025-06-05 14:15:05
40,Other,Other,Which collection class maintains insertion order?,HashMap,TreeSet,LinkedHashSet,HashSet,,C,,2025-06-05 14:15:05
41,Other,Other,What is the size of a char in Java?,4 bytes,2 bytes,1 byte,Depends on JVM,,B,,2025-06-05 14:15:05
42,Other,Other,Which of the following is not allowed in a switch statement?,int,String,boolean,char,,C,,2025-06-05 14:15:05
43,Other,Other,Which interface must be implemented to create a thread in Java?,Runnable,Thread,Callable,Executor,,A,,2025-06-05 14:15:05
44,Other,Other,Which method is used to get the length of a string in Java?,length(),size(),getSize(),count(),,A,,2025-06-05 14:15:05
45,Other,Other,"What will it print?

public class Q21 {
    public static void main(String[] args) {…}
}",21,22,20,19,,A,,2025-06-05 14:15:05
46,Other,Other,"What will it print?

public class Q22 {
    public static void main(String[] args) {…}
}",True,False,Compilation Error,Runtime Exception,,A,,2025-06-05 14:15:05
47,Other,Other,"What will it print?

public class Q23 {
    public static void main(String[] args) {…}
}",true,false,Compilation Error,Runtime Exception,,A,,2025-06-05 14:15:05
48,Other,Other,"What will it print?

public class Q24 {
    public static void main(String[] args) {…}
}",10,8,7,Compilation Error,,B,,2025-06-05 14:15:05
49,Other,Other,"What will it print?

public class Q25 {
    public static void main(String[] args) {…}
}",1 2 3,3 2 1,1 2 3 4,Compilation Error,,A,,2025-06-05 14:15:05
50,Other,Other,"What will it print?

public class Q26 {
    public static void main(String[] args) {…}
}",world,nullworld,Compilation Error,NullPointerException,,B,,2025-06-05 14:15:05
51,Other,Other,"What will it print?

public class Q27 {
    public static void main(String[] args) {…}
}",true,false,Compilation Error,NullPointerException,,B,,2025-06-05 14:15:05
52,Other,Other,"What will it print?

public class Q28 {
    public static void main(String[] args) {…}
}",2,1,3,0,,A,,2025-06-05 14:15:05
53,Other,Other,"What will it print?

public class Q29 {
    public static void main(String[] args) {…}
}",16,13,10,8,,A,,2025-06-05 14:15:05
54,Other,Other,"What will it print?

public class Q30 {
    public static void main(String[] args) {…}
}",0,null,Compilation Error,Exception,,A,,2025-06-05 14:15:05
55,Other,Other,"What will it print?

public class Q31 {
    public static void main(String[] args) {…}
}",abc,ABC,Compilation Error,NullPointerException,,A,,2025-06-05 14:15:05
56,Other,Other,"What will it print?

public class Q32 {
    public static void main(String[] args) {…}
}",0 1 2,0 1 2 3,1 2 3,Infinite loop,,A,,2025-06-05 14:15:05
57,Other,Other,"What will it print?

public class Q33 {
    public static void main(String[] args) {…}
}",true,false,Compilation Error,Exception,,A,,2025-06-05 14:15:05
58,Other,Other,"What will it print?

public class Q34 {
    public static void main(String[] args) {…}
}",v,a,J,Compilation Error,,A,,2025-06-05 14:15:05
59,Other,Other,"What will it print?

public class Q35 {
    public static void main(String[] args) {…}
}",10,20,0,Compilation Error,,B,,2025-06-05 14:15:05
60,Other,Other,"What will it print?

public class Q36 {
    public static void main(String[] args) {…}
}",Zero,Nothing,Compilation Error,Runtime Exception,,C,,2025-06-05 14:15:05
61,Other,Other,"What will it print?

public class Q37 {
    public static void main(String[] args) {…}
}",127,128,-128,Compilation Error,,C,,2025-06-05 14:15:05
62,Other,Other,"What will it print?

public class Q38 {
    public static void main(String[] args) {…}
}",30,1030,3030,3030.0,,B,,2025-06-05 14:15:05
63,Java,Basics,What is the output of the following code? int x = 5; int y = ++x * 2; System.out.println(y);,10,11,12,13,,C,++x increments x to 6 before multiplication; 6*2 = 12,2025-06-05 14:16:08
64,Java,Basics,Which of the following is a valid `main` method?,public static int main(String[] args),public void main(String args[]),public static void main(String[] args),static void main(String args),,C,Only public static void main(String[] args) is valid,2025-06-05 14:16:08
65,Java,String,"What is the output of: String s = ""Hello""; s.concat("" World""); System.out.println(s);",Hello,Hello World,World,Compilation Error,,A,String is immutable; concat does not modify original,2025-06-05 14:16:08
66,Java,Primitives,What is the default value of a `boolean` variable in a class?,true,false,0,null,,B,Class-level booleans default to false,2025-06-05 14:16:08
67,Java,Operators,"What is printed? 

int i = 10; 
int j = 5; 
int result = i++ + ++j; 
System.out.println(result);",15,16,17,18,,C,"i++ is 10, ++j is 6 → result = 10 + 6 = 16",2025-06-05 14:16:09
68,Java,Basics,What is the return type of the `main()` method?,void,int,String,Object,,A,main method must return void,2025-06-05 14:16:09
69,Java,Access Control,Which access specifier allows access only within the same class?,private,public,protected,default,,A,private restricts access to the same class,2025-06-05 14:16:09
70,Java,Exceptions,Which exception is thrown when dividing by zero?,NullPointerException,ArithmeticException,IllegalArgumentException,NumberFormatException,,B,ArithmeticException for integer division by zero,2025-06-05 14:16:09
71,Java,Primitives,What is the size of a `char` in Java?,4 bytes,2 bytes,1 byte,Depends on JVM,,B,Java chars are 16-bit (2 bytes),2025-06-05 14:16:09
72,Java,Control Flow,Which of the following is not allowed in a `switch` statement?,int,String,boolean,char,,C,boolean is not supported in switch,2025-06-05 14:16:09
73,Java,Threads,Which interface must be implemented to create a thread?,Runnable,Thread,Callable,Executor,,A,Runnable is the standard way to implement a thread,2025-06-05 14:16:09
74,Java,Operators,"What will it print? 

int x = 10; 

System.out.println(x++ + ++x);",21,22,20,19,,A,"x++ is 10, ++x is 12 → 10+12 = 22",2025-06-05 14:16:09
75,Java,Booleans,"What will it print? 

boolean b = false; 

if (b = true) System.out.println(""True"");",True,False,Compilation Error,Runtime Exception,,A,Assignment inside if evaluates to true,2025-06-05 14:16:09
76,Java,Strings,"What will it print? String s1 = ""java""; String s2 = ""java""; System.out.println(s1 == s2);",true,false,Compilation Error,Runtime Exception,,A,String literals are interned → same reference,2025-06-05 14:16:09
77,Java,Operators,What will it print? int x = 5; System.out.println((x > 2) ? (x < 4) ? 10 : 8 : 7);,10,8,7,Compilation Error,,B,x > 2 is true → x < 4 is false → result is 8,2025-06-05 14:16:09
78,Java,Arrays,"What will it print? int[] arr = {1, 2, 3}; for(int i = 0; i < arr.length; i++) { System.out.print(arr[i] + "" ""); }",1 2 3,3 2 1,1 2 3 4,Compilation Error,,A,Basic for loop over array prints 1 2 3,2025-06-05 14:16:09
79,Java,Strings,"What will it print? String s = null; System.out.println(s + ""world"");",world,nullworld,Compilation Error,NullPointerException,,B,null + string → 'nullworld',2025-06-05 14:16:09
80,Java,Strings,"What will it print? String s1 = new String(""OCA""); String s2 = ""OCA""; System.out.println(s1 == s2);",true,false,Compilation Error,NullPointerException,,B,new String() creates new object,2025-06-05 14:16:09
81,Java,Operators,What will it print? int x = 7; int y = 3; System.out.println(x % y);,2,1,3,0,,A,7 % 3 = 1,2025-06-05 14:16:09
82,Java,Operators,What will it print? int x = 2; int y = 5; x *= y + 3; System.out.println(x);,16,13,10,8,,A,x *= y + 3 → x = x * (y+3) = 2*8 = 16,2025-06-05 14:16:09
83,Java,Arrays,What will it print? int[] arr = new int[2]; System.out.println(arr[0]);,0,null,Compilation Error,Exception,,A,Default value of int array element is 0,2025-06-05 14:16:09
84,Java,Strings,"What will it print? String str = ""abc""; str.toUpperCase(); System.out.println(str);",abc,ABC,Compilation Error,NullPointerException,,A,String is immutable; str remains unchanged,2025-06-05 14:16:09
85,Java,Loops,"What will it print? int i = 0; do { System.out.print(i + "" ""); } while(i++ < 2);",0 1 2,0 1 2 3,1 2 3,Infinite loop,,A,Post-increment allows print before check,2025-06-05 14:16:09
86,Java,Operators,What will it print? int x = 5; int y = 10; System.out.println(x > 2 && y < 15);,true,false,Compilation Error,Exception,,A,Both conditions are true,2025-06-05 14:16:09
87,Java,String,"What will it print? String str = ""Java""; System.out.println(str.charAt(2));",v,a,J,Compilation Error,,A,char at index 2 is 'v',2025-06-05 14:16:09
88,Java,Ternary,"What will it print? int a = 10, b = 20; int max = (a > b) ? a : b; System.out.println(max);",10,20,0,Compilation Error,,B,b is greater → max = b,2025-06-05 14:16:09
89,Java,Booleans,"What will it print? int x = 0; if(x) { System.out.println(""Zero""); }",Zero,Nothing,Compilation Error,Runtime Exception,,C,Cannot use int as boolean,2025-06-05 14:16:09
90,Java,Overflow,What will it print? byte b = 127; b++; System.out.println(b);,127,128,-128,Compilation Error,,C,Overflow of byte wraps around to -128,2025-06-05 14:16:09
91,Java,String,"What will it print? System.out.println(10 + 20 + ""30"");",30,1030,3030,3030.0,,B,10+20=30 then string concat = 3030,2025-06-05 14:16:09
92,Java,Strings,"What will it print? String a = ""Hello""; String b = ""Hel"" + ""lo""; System.out.println(a == b);",true,false,Compilation Error,Runtime Exception,,A,Compile-time string concatenation is interned,2025-06-05 14:16:09
93,Java,Primitives,What will it print? final int x = 100; byte b = x; System.out.println(b);,100,Compilation Error,0,Runtime Exception,,A,final constant fits in byte; implicit cast allowed,2025-06-05 14:16:09
94,Java,Arrays,What will it print? int[][] matrix = new int[2][]; matrix[0] = new int[3]; matrix[1] = new int[2]; System.out.println(matrix[0].length + matrix[1].length);,4,5,6,Compilation Error,,B,"matrix[0].length = 3, matrix[1].length = 2 → 3+2=5",2025-06-05 14:16:09
95,Java,Arrays,"What will it print? int[] arr = {1, 2, 3}; System.out.println(arr[3]);",3,IndexOutOfBoundsException,Compilation Error,null,,B,Accessing arr[3] throws ArrayIndexOutOfBoundsException,2025-06-05 14:16:09
96,Java,References,"What will it print? int[] a = {1, 2, 3}; int[] b = a; b[0] = 10; System.out.println(a[0]);",1,10,0,Compilation Error,,B,"Arrays are references, so a and b point to same array",2025-06-05 14:16:09
97,Java,Exceptions,What will it print? String[] names = new String[2]; System.out.println(names[0].length());,0,null,Compilation Error,NullPointerException,,D,"names[0] is null, so calling length() throws NPE",2025-06-05 14:16:09
98,Java,Exceptions,What will it print? int[] nums = new int[5]; nums[10] = 3;,Caught: java.lang.Exception,Caught: java.lang.ArrayIndexOutOfBoundsException,Compilation Error,Runtime Error,,B,Index 10 is out of bounds; exception caught,2025-06-05 14:16:09
99,Java,Exceptions,"What will it print? int x = Integer.parseInt(""abc"");",Invalid format,abc,Compilation Error,Runtime Error,,A,'abc' cannot be parsed as integer; throws NumberFormatException,2025-06-05 14:16:09
100,Java,Loops,"What will it print? String[] vals = {""one"", ""two"", ""three""}; for(String s : vals) System.out.print(s + "" "");",one two three,three two one,Compilation Error,Runtime Error,,A,Enhanced for-loop prints in order,2025-06-05 14:16:09
101,Java,Arrays,"What will it print? int[][] grid = new int[1][2]; System.out.println(grid.length + "" "" + grid[0].length);",1 2,2 1,Compilation Error,1 0,,A,grid[0].length = 2; grid.length = 1,2025-06-05 14:16:09
102,Java,Exceptions,What will happen? int[] arr = new int[-2];,Length: -2,Compilation Error,NegativeArraySizeException,0,,C,Negative array size throws runtime exception,2025-06-05 14:16:09
103,Java,Exceptions,What will it print? int x = 10 / 0;,Divide by zero!,0,Compilation Error,Runtime Exception,,A,"Divide by zero throws ArithmeticException, caught and printed",2025-06-05 14:16:09
104,Java,Exceptions,"What will it print? int[] data = {10, 20, 30}; for(int i = 0; i <= data.length; i++) System.out.print(data[i] + "" "");",10 20 30,10 20 30 0,Compilation Error,ArrayIndexOutOfBoundsException,,D,i <= data.length leads to out-of-bounds,2025-06-05 14:16:09
105,Java,Arrays,"What will it print? String[][] text = new String[2][]; text[0] = new String[]{""A"", ""B""}; text[1] = new String[]{""C""}; System.out.println(text[1][0]);",A,B,C,null,,C,"text[1][0] is ""C""",2025-06-05 14:16:09
106,Java,Arrays,What will it print? int[] nums = new int[0]; System.out.println(nums.length);,0,1,Compilation Error,Exception,,A,Zero-length array is legal; prints 0,2025-06-05 14:16:09
107,Java,Exceptions,What will it print? String[] list = null; System.out.println(list[0]);,null,Caught NPE,Compilation Error,Runtime Error,,B,Accessing list[0] on null array throws NullPointerException,2025-06-05 14:16:09
108,Java,Exceptions,"What will it print? throw new IllegalArgumentException(""Bad input"");",Bad input,Caught: Bad input,Compilation Error,IllegalArgumentException,,B,Exception caught and printed,2025-06-05 14:16:09
109,Java,Arrays,"What will it print? int[] values = {1, 2, 3, 4}; for (int i = values.length - 1; i >= 0; i--) System.out.print(values[i] + "" "");",4 3 2 1,1 2 3 4,Compilation Error,Runtime Error,,A,Reverse order printing with for-loop,2025-06-05 14:16:09
110,Java,Exceptions,"What will it print? Integer.parseInt(""10.5"");",Format error,10.5,Compilation Error,Runtime Error,,A,10.5 is not valid integer → NumberFormatException,2025-06-05 14:16:09
111,Java,Exceptions,What will it print? Object[] obj = new String[2]; obj[0] = 10;,Done,Compilation Error,ArrayStoreException,null,,C,Storing Integer in String[] throws ArrayStoreException,2025-06-05 14:16:09
112,Java,Exceptions,"What will it print? String[] arr = {""one"", ""two"", ""three""}; System.out.println(arr[arr.length]);",three,Compilation Error,IndexOutOfBoundsException,Runtime Error,,C,Index arr.length is out of bounds,2025-06-05 14:16:09
113,Java,Exceptions,"What will it print? throw new Exception(""Boom"");",Caught runtime,Boom,Caught exception,Compilation Error,,C,Exception caught in second catch block,2025-06-05 14:16:09
114,Java,Pitfalls,What will it print? if (i = 5) { },Equal,Nothing,Compilation Error,Runtime Error,,C,Can't assign inside condition directly,2025-06-05 14:16:09
115,Java,Pitfalls,What will it print? int x; System.out.println(x);,0,Compilation Error,Runtime Exception,null,,B,Local variable 'x' not initialized,2025-06-05 14:16:09
116,Java,Pitfalls,What will it print? byte b = 10; b = b + 1;,11,Compilation Error,10,Runtime Error,,B,b + 1 = int → must cast to byte,2025-06-05 14:16:09
117,Java,Pitfalls,"What will it print? String s1 = ""Hello""; String s2 = new String(""Hello""); System.out.println(s1 == s2);",true,false,Compilation Error,Runtime Error,,B,"== compares references, not values",2025-06-05 14:16:09
118,Java,Pitfalls,"What will it print? System.out.println(""1"" + 2 + 3);",123,6,33,15,,A,Left-to-right string concatenation,2025-06-05 14:16:09
119,Java,Pitfalls,What will it print? char c = 65; System.out.println(c);,A,65,Compilation Error,null,,A,65 is ASCII for 'A',2025-06-05 14:16:09
120,Java,Pitfalls,What will it print? double d = 5 / 2; System.out.println(d);,2.0,2.5,Compilation Error,Runtime Exception,,A,5/2 is integer division first → 2 → then widened,2025-06-05 14:16:09
121,Java,Pitfalls,"What will it print? int[] arr = new int[]{1, 2, 3}; System.out.println(arr.length());",3,Compilation Error,Runtime Error,0,,B,"Array has 'length' field, not method",2025-06-05 14:16:09
122,Java,Pitfalls,"What will it print? Object o = new int[]{1, 2, 3}; System.out.println(o instanceof Object);",true,false,Compilation Error,Runtime Exception,,A,Arrays are objects,2025-06-05 14:16:09
123,Java,Pitfalls,What will it print? int a = 5; a += 3.5;,8,8.5,Compilation Error,Runtime Error,,C,+= with double → implicit cast not allowed without loss,2025-06-05 14:16:09
124,Java,Pitfalls,What will it print? static int x = 10; int x = 20; System.out.println(x);,10,20,Compilation Error,Runtime Error,,B,Local variable shadows class variable,2025-06-05 14:16:09
125,Java,Pitfalls,What will it print? int[] a = new int[3]; System.out.println(a[3]);,0,3,Compilation Error,ArrayIndexOutOfBoundsException,,D,Index 3 out of bounds,2025-06-05 14:16:09
126,Java,Pitfalls,What will it print? short s = 10; s = s * 5;,50,Compilation Error,Runtime Error,10,,B,s * 5 promotes to int → must cast to short,2025-06-05 14:16:09
127,Java,Pitfalls,"What will it print? true ? ""yes"" : 10;",yes,10,Compilation Error,Runtime Error,,C,Incompatible types between true/false branches,2025-06-05 14:16:09
128,Java,Pitfalls,"What will it print? for (System.out.print(""A""); i < 1; i++) System.out.print(""B""); System.out.print(""C"");",ABC,BAC,ACB,Compilation Error,,A,"'A' prints first from loop init, then loop body → 'B', then 'C'",2025-06-05 14:16:09
129,Java,Pitfalls,"What will it print? switch(x) { case 5: print(""Five""); default: print(""Default""); }",Five,Default,Five Default,Compilation Error,,C,No break → fall-through occurs,2025-06-05 14:16:09
130,Java,Pitfalls,"What will it print? String str = ""null""; System.out.println(str == null);",true,false,null,Compilation Error,,B,"""null"" is a string literal, not null",2025-06-05 14:16:09
131,Java,Testing,What is the purpose of unit testing?,To test individual components in isolation,To test the entire application,To test database connections,To test user interfaces,,A,Unit testing focuses on testing individual components or methods in isolation,2025-06-05 16:45:37
132,Java Basics,Import Statements,What happens when compiling and running the following code? import java.util.Date; import java.sql.Date; class Test { public static void main(String[] args) { Date d = new Date(); } },It prints the current date.,Compilation error: reference to Date is ambiguous.,Compilation error: cannot find symbol Date.,It prints 'null'.,Runtime exception (NullPointerException) is thrown.,B,"Two imports bring in classes named Date from different packages, making the reference to Date ambiguous. The code fails to compile because the compiler cannot determine which Date class to use.",2025-06-08 01:07:22
133,Data Types,Primitive Casting and Overflow,What is the output of the following code? int i = 258; byte b = (byte) i; System.out.println(b);,258,2,0,-2,Compilation error,B,"Casting an int to a byte results in overflow. The value 258 modulo 256 is 2, so the byte value is 2. The output is 2.",2025-06-08 01:07:22
134,Data Types,Autoboxing and NullPointerException,What happens when the following code is executed? Integer i = null; int j = i;,j will be 0,j will be null,Compilation error,Runtime NullPointerException,j will be uninitialized,D,"Because i is null and unboxing occurs when assigning to int j, a NullPointerException is thrown at runtime.",2025-06-08 01:07:22
135,Data Types,char Arithmetic,What does the following code print? char c = 'A' + 1; System.out.println(c);,A,B,65,Compile error,Runtime error,B,"'A' has ASCII value 65, adding 1 yields 66, which corresponds to 'B'. The code prints B.",2025-06-08 01:07:22
136,Operators and Decision Constructs,Nested if/else,What does the following code print? int x = 5,"y = 3; if (x < 10) if (y < 5) System.out.println(""A""); else System.out.println(""B"");,""A""",B,Nothing,Compile error,Runtime exception,A,"The else pairs with the nearest if. Here x < 10 and y < 5 are both true, so it prints \""A\"". If y >= 5, it would print \""B\""; if x >= 10, nothing would be printed.",2025-06-08 01:07:22
137,Loop Constructs,do-while Loop,What does the following code print? int i = 3; do { System.out.println(i); } while (i < 3);,3,Nothing (no output),Infinite loop,Compile error,Runtime error,A,"A do-while loop executes its body at least once before checking the condition. Here i=3, so it prints 3 once.",2025-06-08 01:07:22
138,Loop Constructs,Break Statement,What is the output of the following code? for (int i = 0; i < 3; i++) { if (i == 1) break; System.out.print(i); },012,01,0,1,Compile error,C,"When i becomes 1, the break statement terminates the loop. The loop prints i for i=0, then breaks out at i=1, so only 0 is printed.",2025-06-08 01:07:22
139,Methods and Encapsulation,Pass by Value (primitive),What is the output of the following code? int i = 5; { int x = i; x = 10; } System.out.println(i);,5,10,Compile error,Runtime error,5 then 10,A,Variables are passed by value. The assignment x = i creates a copy. Changing x does not change i. The output is 5.,2025-06-08 01:07:22
140,Inheritance,Constructors and super,What happens when compiling the following code? class A { A(int x) {} } class B extends A { B() {} },It compiles successfully.,Compile error: no default constructor in A.,Runtime error.,It compiles but throws exception at runtime.,Unknown behavior.,B,"Class A has only a parameterized constructor and no default (no-arg) constructor. B's constructor must explicitly call super(x). Without it, the compiler cannot insert a default super() call, causing a compile error.",2025-06-08 01:07:22
141,Exceptions,Checked vs Unchecked,Which of the following code snippets causes a compilation error? A: void m() { throw new RuntimeException(); } B: void m() { throw new Error(); } C: void m() throws Exception { throw new IOException(); } D: void m() { throw new IOException(); } E: void m() throws IOException { throw new IOException(); },A only,D only,C and E,D and E,B and D,B,"Throwing RuntimeException or Error (unchecked) in a method requires no declaration. Declaring and throwing IOException works if declared or caught. D has no throws clause, so throw new IOException() is a compile error.",2025-06-08 01:07:22
142,Exceptions,Finally Overrides Return,What is the output of the following code? public static int test() { try { return 1; } finally { return 2; } } System.out.println(test());,1,2,No output (program hangs),Compile error,Runtime exception,B,The finally block executes even after a return in try. Its return overrides the try’s return. Thus test() returns 2.,2025-06-08 01:07:22
143,Exceptions,Catch Order,What is the problem with the following code? try { } catch (Exception e) { } catch (ArithmeticException e) { },No problem; it compiles.,Unreachable catch block for ArithmeticException.,Catch blocks must be in alphabetical order.,Multiple catch blocks require finally block.,Cannot catch specific exceptions after a general one.,B,The catch for ArithmeticException is unreachable because Exception is a superclass. The more specific catch must come before the general one.,2025-06-08 01:07:22
144,Arrays,Multi-dimensional arrays,What happens when executing the following code? int[][] arr = new int[2][]; arr[0] = new int[1]; System.out.println(arr[1][0]);,Prints 0,Prints null,Runtime NullPointerException,Compile error,Runtime ArrayIndexOutOfBoundsException,C,arr[1] was never initialized (it's null). Accessing arr[1][0] causes a NullPointerException at runtime.,2025-06-08 01:07:22
145,API Classes,Lambda Syntax,What is wrong with this code? Predicate<String> p = s -> return s.isEmpty();,It compiles and always returns true,It compiles and always returns false,It causes a runtime exception,Compilation error,Nothing is wrong,D,Lambda syntax: you cannot use 'return' in a lambda expression without braces. Either remove 'return' or use braces around the body. This code does not compile.,2025-06-08 01:07:22
146,Operators and Decision Constructs,Ternary Operator Type,What is the output of the following code? int x = 5; long y = 10; System.out.println((true) ? x : y);,5,5L,10,Compile error,Runtime error,A,"The conditional operator returns the type that can hold both operands. x is promoted to long. Since the condition is true, it returns x (5), which is printed as 5.",2025-06-08 01:07:22
147,Inheritance,Final Class,What happens when compiling this code? final class A {} class B extends A {},It compiles successfully.,Compile error: cannot inherit from final A.,Runtime error,No output,An exception is thrown,B,A final class cannot be subclassed. Declaring B extends final A causes a compile-time error.,2025-06-08 01:07:22
148,Inheritance,Abstract Class,What is wrong with the following code? abstract class A {} class B { public static void main(String[] args) { A a = new A(); } },It prints A,It prints nothing,Compile error: cannot instantiate abstract A.,Runtime error,It compiles successfully,C,Abstract classes cannot be instantiated. Attempting to create new A() causes a compile-time error.,2025-06-08 01:07:22
149,Methods and Encapsulation,Private Constructor,What happens if you try to compile and run this? class A { private A() {} } new A();,It compiles successfully.,Compile error: A() has private access.,Runtime error,It prints an empty line,None of the above,B,"The constructor A() is private, so it cannot be accessed from outside. Attempting new A() causes a compile-time access error.",2025-06-08 01:07:22
150,Exceptions,Finally Always Executes,What is the output? try { System.out.println(1); } finally { System.out.println(2); },1,2,1 then 2,Compile error,Runtime exception,C,"The try block prints 1, and the finally block always executes after, printing 2. So it prints 1 then 2.",2025-06-08 01:07:22
151,Data Types,Numeric Literals,What is wrong with the following declaration? long l = 10000000000;,No error; l is 10000000000,Compile error: integer number too large,It prints a random number,Runtime error,It becomes a double,B,The literal 10000000000 is an int literal by default. It's too large for int. You must suffix L (10000000000L) for a long literal.,2025-06-08 01:07:22
152,Loops,Switch Fall-Through with Loops,What is the output? int n=0; for(int i=0;i<2;i++) { switch(i) { case 0: n+=10; case 1: n+=20; break; } } System.out.println(n);,20,30,50,60,Compile error,C,Iteration i=0: hits case 0 (adds 10) then falls through to case 1 (adds 20). n=30. Iteration i=1: hits case 1 (adds 20). Total n=50.,2025-06-08 01:07:22
153,Java Basics,Import Statements,What happens when you have two imports with the same class name?,It prints the current date,Compilation error: reference is ambiguous,Compilation error: cannot find symbol,It prints null,Runtime exception,B,Two imports bring in classes with the same name making the reference ambiguous.,2025-06-08 01:16:48
154,Data Types,Primitive Casting,What is the output when casting 258 to byte?,258,2,0,-2,Compilation error,B,Casting an int to byte results in overflow. 258 modulo 256 is 2.,2025-06-08 01:16:48
155,Data Types,Autoboxing,What happens when unboxing a null Integer?,j will be 0,j will be null,Compilation error,Runtime NullPointerException,j will be uninitialized,D,Unboxing a null Integer throws a NullPointerException at runtime.,2025-06-08 01:16:48
156,Data Types,Wrapper Caching,"What is the output of the following code? Integer i1 = 100, i2 = 100; System.out.println(i1 == i2); Integer i3 = 128, i4 = 128; System.out.println(i3 == i4);",true true,true false,false true,false false,Compile error,B,"Java caches Integer objects for values in the range -128 to 127. Thus i1 and i2 refer to the same cached object (true), but i3 and i4 do not (false).",2025-06-08 01:17:37
157,Operators and Decision Constructs,Nested if/else,"What does the following code print? int x = 5, y = 3; if (x < 10) if (y < 5) System.out.println(""A""); else System.out.println(""B"");",A,B,Nothing,Compile error,Runtime exception,A,"The else pairs with the nearest if. Here x < 10 and y < 5 are both true, so it prints ""A"". If y >= 5, it would print ""B""; if x >= 10, nothing would be printed.",2025-06-08 01:17:37
158,Operators and Decision Constructs,Switch Statement Fall-Through,"What is the output of the following code? int i = 1; switch (i) { case 1: System.out.println(""One""); case 2: System.out.println(""Two""); }",One Two,One,Two,Compile error,Runtime error,A,"Without a break statement, execution falls through. With i=1, it prints ""One"" then continues to case 2 and prints ""Two"".",2025-06-08 01:17:37
159,Loop Constructs,Enhanced For Loop,"What is the output of the following code? int[] arr = {1, 2, 3}; for (int x : arr) { x++; } System.out.println(arr[0]);",1,2,3,4,Compile error,A,The enhanced for loop variable x is a copy of the array element. Incrementing x does not change the array. arr[0] remains 1.,2025-06-08 01:17:37
160,Methods and Encapsulation,Pass by Value (object reference),"What is the output of the following code? StringBuilder sb = new StringBuilder(""Hi""); modify(sb); System.out.println(sb); } public static void modify(StringBuilder b) { b.append(""!""); }",Hi!,Hi,!,Compile error,Runtime error,A,"Object references are passed by value. The method receives a copy of the reference but appending to the StringBuilder affects the original object. The output is ""Hi!"".",2025-06-08 01:17:37
161,Methods and Encapsulation,Method Overloading,"What is the output of the following code? class A { void m(int i) { System.out.println(""int""); } void m(long l) { System.out.println(""long""); } } A a = new A(); a.m(5);",int,long,Compile error,Runtime error,No output,A,"The literal 5 is an int, so the method with int parameter is chosen. It prints ""int"". If the int version were absent, it would have used m(long).",2025-06-08 01:17:37
162,Inheritance,Polymorphism (Method Overriding),"What does the following code print? class A { void m() { System.out.println(""A""); } } class B extends A { void m() { System.out.println(""B""); } } A a = new B(); a.m();",A,B,AB,Compile error,Runtime error,B,"The call is dynamically dispatched. Even though the reference is of type A, the actual object is a B, so B.m() is called, printing ""B"".",2025-06-08 01:17:37
163,Inheritance,Static Method Hiding,"What is the output of the following code? class A { static void m() { System.out.println(""A""); } } class B extends A { static void m() { System.out.println(""B""); } } A a = new B(); a.m();",A,B,AB,Compile error,Runtime error,A,"Static methods are not overridden; they are hidden. The method is resolved at compile time by reference type. Here a is of type A, so A.m() is called, printing ""A"".",2025-06-08 01:17:37
164,Arrays,Array Reference Aliasing,"What is the output of the following code? int[] a = {1, 2}; int[] b = a; b[0] = 3; System.out.println(a[0]);",1,2,3,Compile error,Runtime error,C,"Both a and b refer to the same array. Changing b[0] also changes a[0]. The array now contains [3,2], so a[0] is 3.",2025-06-08 01:17:37
165,API Classes,StringBuilder append,"What does the following code print? StringBuilder sb = new StringBuilder(""Hello""); sb.append(""World""); System.out.println(sb);",Hello,World,HelloWorld,Hello World,Runtime error,C,"StringBuilder.append adds to the existing sequence. After appending ""World"", sb contains ""HelloWorld"".",2025-06-08 01:17:37
166,API Classes,String immutability,"What does the following code print? String s = ""Hello""; s.concat(""World""); System.out.println(s);",Hello,HelloWorld,World,Compilation error,Runtime error,A,"String is immutable. s.concat(""World"") returns a new string, but s is unchanged. So it prints ""Hello"".",2025-06-08 01:17:37
167,API Classes,StringBuilder reverse,"What is the output of this code? StringBuilder sb = new StringBuilder(""abc""); sb.reverse(); System.out.println(sb);",abc,cba,Compilation error,Runtime error,acb,B,"StringBuilder.reverse() reverses the sequence. ""abc"" becomes ""cba"".",2025-06-08 01:17:37
168,API Classes,LocalDate plusDays,"What does the following code print? LocalDate date = LocalDate.of(2020, 1, 31); date = date.plusDays(1); System.out.println(date);",2020-01-32,2020-02-01,Compile error,Runtime error,None of the above,B,"LocalDate handles month rollovers. Adding one day to January 31, 2020 yields February 1, 2020, printed as 2020-02-01.",2025-06-08 01:17:37
169,API Classes,DateTimeFormatter,"What does this code print? DateTimeFormatter fmt = DateTimeFormatter.ofPattern(""MM/dd/yyyy""); System.out.println(LocalDate.of(2020,1,5).format(fmt));",01/05/2020,1/5/2020,05/01/2020,Compile error,Runtime error,A,"The pattern MM/dd/yyyy formats month and day with two digits. January 5, 2020 is printed as 01/05/2020.",2025-06-08 01:17:37
170,API Classes,ArrayList basic,"What is the output of the following code? List<String> list = new ArrayList<>(); list.add(""a""); list.add(""b""); System.out.println(list.size());",1,2,Compile error,Runtime error,0,B,"Two elements were added to the list. list.size() returns the number of elements, which is 2.",2025-06-08 01:17:37
171,API Classes,ArrayList remove,"What does the following code print? List<String> list = new ArrayList<>(); list.add(""one""); list.add(""two""); list.remove(1); System.out.println(list.get(0));",one,two,Compile error,Runtime error,None of the above,A,"list.remove(1) removes the element at index 1 (""two""). The list now contains [""one""], so get(0) returns ""one"".",2025-06-08 01:17:37
172,API Classes,Lambda Predicate,"What does the following code print? Predicate<String> p = s -> s.startsWith(""A""); System.out.println(p.test(""Apple""));",true,false,Compile error,Runtime error,Nothing,A,"The lambda defines a Predicate<String> testing start with ""A"". ""Apple"" starts with ""A"", so p.test(""Apple"") returns true.",2025-06-08 01:17:37
173,Operators and Decision Constructs,Bitwise vs Logical Operators,"What is the output? int a = 5, b = 10; if (a < 10 & b++ > 10) { } System.out.println(b);",10,11,Compile error,Runtime error,0,B,"Using & causes both sides to be evaluated. b++ is evaluated even though a<10 is true. After the test, b has been incremented from 10 to 11.",2025-06-08 01:17:37
174,Operators and Decision Constructs,Switch with Strings,"What is the output? String s = ""Java""; switch (s) { case ""java"": System.out.println(""Lower""); break; default: System.out.println(""Default""); }",Lower,Default,java,Compile error,Runtime error,B,"String comparisons in switch are case-sensitive. ""Java"" does not match ""java"", so the default case executes, printing ""Default"".",2025-06-08 01:17:37
175,Operators and Decision Constructs,Assignment in if condition,"What does the following code print? boolean b = false; if (b = true) { System.out.println(""Yes""); } else { System.out.println(""No""); }",Yes,No,Compile error,Runtime error,Nothing,A,"Inside if, b = true assigns true to b and the expression evaluates to true. Therefore ""Yes"" is printed.",2025-06-08 01:17:37
176,Loop Constructs,Infinite loop with break,"What is the output? for (;; ) { System.out.println(""Hi""); break; }",Hi,Compile error,Runtime error,Infinite loop,HiHi,A,"The for(;;) creates an infinite loop, but a break immediately exits the loop after printing once. So it prints ""Hi"" exactly once.",2025-06-08 01:17:37
177,Arrays,Varargs,"What is printed? public static void m(int... nums) { System.out.println(nums.length); } m(1, 2, 3);",1,3,0,Compile error,Runtime error,B,"Varargs collects all arguments into an array. nums contains [1,2,3], so its length is 3.",2025-06-08 01:17:37
178,Inheritance,Private Method Hiding,"What happens if you try to compile and run this? class A { private void m() {} } class B extends A { public void m() { System.out.println(""B""); } } A a = new B(); a.m();",It prints B,It prints nothing,Compile error,Runtime error,It prints A,C,"A has a private method m(), so B's m() is not an override but a new method. The reference a of type A cannot access m(). This code fails to compile (no visible method m in A).",2025-06-08 01:17:37
179,Inheritance,Constructor Chaining,"What is the output of the following code? class A { public A() { System.out.print(""A""); } } class B extends A { public B() { System.out.print(""B""); } } new B();",A,B,AB,BA,Compile error,C,"Object construction calls super() by default. When creating new B(), A's constructor prints A, then B's prints B, resulting in ""AB"".",2025-06-08 01:17:37
180,Exceptions,Catching RuntimeException,"What is the output? try { System.out.println(1/0); } catch (Exception e) { System.out.println(""Exception""); }",1,Exception,No output,Runtime error,Compile error,B,"Division by zero causes an ArithmeticException, which is a subclass of Exception. The catch catches it and prints ""Exception"".",2025-06-08 01:17:37
181,Data Types,Narrowing Conversion,What happens when compiling this code? short s = 5; s = s + 2;,"It compiles and runs, printing 7",Compile error: cannot convert int to short,It compiles with a warning,Runtime error,Nothing happens,B,The expression s + 2 is of type int. Assigning int to short requires explicit cast. This code does not compile.,2025-06-08 01:17:37
182,Data Types,Float precision,What is the output of this code? float f = 0.1f + 0.1f + 0.1f; System.out.println(f == 0.3f);,true,false,Compile error,Runtime error,0.3,B,Floating point arithmetic is imprecise. The sum of three 0.1f values is not exactly equal to 0.3f due to rounding errors.,2025-06-08 01:17:37
183,API Classes,String equals,"What is the output? String s1 = new String(""hello""); String s2 = new String(""hello""); System.out.println(s1 == s2); System.out.println(s1.equals(s2));",true true,true false,false true,false false,Compile error,C,"s1 == s2 compares references (false), but s1.equals(s2) compares content (true).",2025-06-08 01:17:37
184,Collections,HashMap put,"What does this code print? Map<String, Integer> map = new HashMap<>(); map.put(""key"", 1); map.put(""key"", 2); System.out.println(map.get(""key""));",1,2,null,Compile error,Runtime error,B,HashMap.put() replaces the value if the key already exists. The second put() replaces 1 with 2.,2025-06-08 01:17:37
185,API Classes,ArrayList contains,What is the output? List<Integer> list = new ArrayList<>(); list.add(1); list.add(2); System.out.println(list.contains(1));,true,false,1,Compile error,Runtime error,A,"ArrayList.contains() returns true if the list contains the specified element. The list contains 1, so it returns true.",2025-06-08 01:17:37
186,Java Basics,Class Structure,What is the minimum requirement for a Java source file to compile and run successfully?,It must contain a public class with a main method.,It must contain a class with a main method.,It must contain a public static void main(String args) method.,It must contain at least one class definition.,It must have a package declaration.,B,"A Java source file only needs to contain a class with a main method to compile and run. The class does not necessarily have to be public, nor does it need a package declaration if it's in the default package.",2025-06-08 01:29:03
187,Working With Java Data Types,Variable Initialization,What is the default value for an uninitialized instance variable of type double?,0,0.0,null,undefined,It depends on the JVM.,B,"Instance variables (fields) in Java are automatically initialized to their default values if not explicitly assigned. For numeric primitive types like double, the default value is 0.0.",2025-06-08 01:29:03
188,Working With Java Data Types,Object Lifecycle,How many objects are created by the time the main method finishes in this code: public class Creator { public Creator() { try { throw new Exception(); } catch (Exception e) {} } public static void main(String args) { Creator c1 = new Creator(); Creator c2 = new Creator(); Creator c3 = c1; } }?,2,3,4,5,6,C,"Two Creator objects are created (c1 and c2). Two Exception objects are created (one in each constructor call). c3 = c1 only creates a new reference, not a new object. Total: 4 objects.",2025-06-08 01:29:03
189,Using Operators and Decision Constructs,Operator Precedence,What is the final value of result? int x = 5; int y = 10; int z = 15; boolean result = x < y && y < z || z > x;,true,false,Compilation error,Runtime error,Depends on JVM,A,The expression evaluates as: (x < y && y < z) || z > x = (true && true) || true = true || true = true,2025-06-08 01:29:03
190,Using Loop Constructs,For Loop,What is the output of this code? for (int i = 0; i < 5; i++) { if (i == 2) continue; System.out.print(i); },01234,0134,0123,1234,Compilation error,B,"The loop prints 0, 1, skips 2 (due to continue), prints 3, 4. Output: 0134",2025-06-08 01:29:03
191,Working with Methods and Encapsulation,Static Keyword,What is the output of this code? public class Counter { static int count = 0; public Counter() { count++; } public static void main(String args) { Counter c1 = new Counter(); Counter c2 = new Counter(); System.out.println(Counter.count); } },0,1,2,Compilation error,Runtime error,C,"The static variable count is shared by all instances. Each constructor call increments it: c1 increments to 1, c2 increments to 2.",2025-06-08 01:29:03
192,Working with Methods and Encapsulation,Access Modifiers,Which access modifier allows a member to be accessed only within its own class?,public,protected,private,default,static,C,The private access modifier restricts access to members to only within the class where they are declared.,2025-06-08 01:29:03
193,Working with Inheritance,Abstract Classes and Interfaces,Which statement about abstract classes and interfaces is true?,A class can implement multiple abstract classes.,An interface can have concrete methods before Java 8.,An abstract class can have constructors.,All methods in an interface must be abstract.,An abstract class cannot have any concrete methods.,C,"An abstract class can have constructors, though they cannot be directly instantiated. They are used when a concrete subclass is instantiated.",2025-06-08 01:29:03
194,Handling Exceptions,Checked vs Unchecked,Which of the following is an unchecked exception?,IOException,SQLException,FileNotFoundException,NullPointerException,InterruptedException,D,NullPointerException is a RuntimeException and thus an unchecked exception. The others are checked exceptions.,2025-06-08 01:29:03
195,Handling Exceptions,Method Throwing Exception,"What is correct about this code? 

class A { 

  public void doA() throws Exception { 
   throw new Exception(); 
  } 
} 
class B extends A { 
  public void doB() { 
 doA();
 } 
}",The code compiles and runs without error.,The code compiles if throws Exception is added to doB().,The code compiles if throws Exception is added to main().,The code compiles if throws Exception is added to doB() AND main().,The code compiles if doA() is enclosed in a try-catch block within doB().,D,"doA() throws a checked exception, so doB() must either handle it or declare it. If doB() declares it, then main() must also handle or declare it.",2025-06-08 01:29:03
196,Using Operators and Decision Constructs,Compound Assignment,What is the value of x after this code executes? int x = 10; x += 5; x /= 3; x %= 2;,0,1,2,3,Compilation error,B,"x starts at 10, becomes 15 after +=5, becomes 5 after /=3 (integer division), becomes 1 after %=2.",2025-06-08 01:29:03
197,Working With Java Data Types,Casting Primitives,What is the output of this code? double d = 10.5; int i = (int) d; System.out.println(i);,10.5,10,11,Compilation error,Runtime error,B,"When a double is cast to an int, the decimal part is truncated (not rounded). So 10.5 becomes 10.",2025-06-08 01:29:03
198,Java Basics,Platform Independence,Which statement is true about Java bytecode?,It can run on any platform.,It can run on any platform only if it was compiled for that platform.,It can run on any platform that has the Java Runtime Environment.,It can run on any platform that has a Java compiler.,It can run on any platform only if that platform has both the JRE and a Java compiler.,C,"Java bytecode is platform-independent and can run on any platform that has a Java Virtual Machine (JVM), which is part of the Java Runtime Environment (JRE).",2025-06-08 01:29:03
199,Working with Methods and Encapsulation,Pass-by-Value,What will this program print? public class ChangeTest { private int myValue = 0; public void showOne(int myValue) { myValue = myValue; } public void showTwo(int myValue) { this.myValue = myValue; } public static void main(String args) { ChangeTest ct = new ChangeTest(); ct.showTwo(200); System.out.println(ct.myValue); ct.showOne(100); System.out.println(ct.myValue); } },0 followed by 100.,100 followed by 100.,0 followed by 200.,100 followed by 200.,200 followed by 200.,E,"showTwo() correctly assigns the parameter to the instance variable using this.myValue. showOne() assigns the parameter to itself due to variable shadowing, not affecting the instance variable. Result: 200 followed by 200.",2025-06-08 01:29:03
200,Working With Java Data Types,Autoboxing/Unboxing,What is the output of this code? Integer a = 10; Integer b = 10; Integer c = 200; Integer d = 200; System.out.println(a == b); System.out.println(c == d);,true true,true false,false true,false false,Compilation error,B,"Integer values between -128 and 127 are cached, so a and b refer to the same object (true). Values outside this range create new objects, so c and d are different objects (false).",2025-06-08 01:29:03
201,Working with Methods and Encapsulation,Default Constructors,Given the class: class MyClass { int x; } Which statement is true about its constructor?,It has an implicit public no-argument constructor.,It has an implicit default constructor that initializes x to 0.,It requires an explicit constructor to be defined.,It will not compile without a constructor.,It has an implicit private no-argument constructor.,B,"If no constructor is explicitly defined, Java provides a default no-argument constructor that initializes instance variables to their default values (int x to 0).",2025-06-08 01:29:03
202,Using Operators and Decision Constructs,Unary Operators,What is the value of result? int x = 5; int y = ++x; int z = y--; int result = x + y + z;,15,16,17,18,Compilation error,C,"x starts at 5. y = ++x makes x = 6, y = 6. z = y-- makes z = 6, y = 5. result = 6 + 5 + 6 = 17.",2025-06-08 01:29:03
203,Using Loop Constructs,Labeled Loops,What will this code print? void crazyLoop() { int c = 0; JACK: while (c < 8) { JILL: System.out.println(c); if (c > 3) break JACK; else c++; } },It will not compile.,It will throw an exception at runtime.,It will print numbers from 0 to 8,It will print numbers from 0 to 3,It will print numbers from 0 to 4,E,"The loop prints c (0,1,2,3,4) and breaks when c > 3, which happens after printing 4.",2025-06-08 01:29:03
204,Working with Methods and Encapsulation,Static Fields and Methods,What is the output of this code? public class StaticTest { static int x = 10; static { x += 5; } public static void main(String args) { System.out.println(x); } static { x += 10; } },10,15,25,Compilation error,Runtime error,C,"Static initializers execute in order when the class is loaded. x starts at 10, first static block adds 5 (x=15), second static block adds 10 (x=25).",2025-06-08 01:29:03
205,Java Basics,Variable Scope,What is the output of this code? public class ScopeTest { public static void main(String args) { int x = 10; { int y = 20; System.out.println(x + y); } System.out.println(x); } },30 10,30 20,Compilation error,Runtime error,30,A,"Variables declared within a block are only accessible within that block. x is accessible throughout main, y is only accessible in the inner block. Output: 30 (x+y), then 10 (x).",2025-06-08 01:29:03
206,Using Operators and Decision Constructs,Bitwise Operators,What is the output of this code? int a = 5; int b = 3; System.out.println(a | b);,1,3,5,7,Compilation error,D,Bitwise OR operation: 5 (0101) | 3 (0011) = 7 (0111).,2025-06-08 01:29:03
207,Handling Exceptions,Catching Multiple Exceptions,Which is the correct order for catch blocks if both Exception and IOException might be thrown?,catch (Exception e) {} catch (IOException e) {},catch (IOException e) {} catch (Exception e) {},The order does not matter.,It will not compile with both catch blocks.,None of the above.,B,"More specific exceptions must be caught before more general ones. IOException is more specific than Exception, so it must come first.",2025-06-08 01:29:03
208,Java Basics,Features of Java,Which of the following is NOT a core feature of Java?,Platform Independence,Object Orientation,Pointers,Automatic Memory Management,Multi-threading,C,Java is designed without explicit pointers for security and simplified memory management. The other options are all core features of Java.,2025-06-08 01:29:03
209,Creating and Using Arrays,Array of Objects,What is the output of this code? String[] names = new String[3]; System.out.println(names[0]);,null,empty string,Compilation error,Runtime error,undefined,A,"When an array of objects is created, elements are initialized to null. names[0] is null.",2025-06-08 01:29:03
210,Using Loop Constructs,Infinite Loop,What will this code print? int i = 0; while (i < 5) { System.out.print(i); },01234,000... (infinite loop),Compilation error,Runtime error,None of the above.,B,"i is never incremented, so the condition i < 5 remains true forever, printing 0 infinitely.",2025-06-08 01:29:03
211,Working with Java API - ArrayList,Generics,Which ArrayList declaration will cause a compile-time error?,ArrayList list = new ArrayList();,ArrayList<String> list = new ArrayList<String>();,ArrayList<Object> list = new ArrayList<String>();,ArrayList<Integer> list = new ArrayList<>();,ArrayList<Number> list = new ArrayList<Integer>();,C,"Due to generic invariance, ArrayList<String> cannot be assigned to ArrayList<Object> even though String is a subtype of Object.",2025-06-08 01:29:03
212,Java Basics,Comments,Which type of comment is used for Javadoc documentation?,// single line comment,/* multi-line comment */,/** Javadoc comment */,# shell-style comment,<!-- HTML comment -->,C,Javadoc comments start with /** and end with */. They are used to generate API documentation.,2025-06-08 01:29:03
213,Using Operators and Decision Constructs,Increment/Decrement,What is the output of this code? int x = 10; System.out.println(x++ + ++x);,20,21,22,23,Compilation error,C,x++ uses current value 10 then increments x to 11. ++x increments x to 12 then uses 12. Result: 10 + 12 = 22.,2025-06-08 01:29:03
214,Creating and Using Arrays,Array of Primitives Default Values,What is the output of this code? int[] arr = new int[3]; System.out.println(arr[0] + arr[1] + arr[2]);,0,1,2,Compilation error,Runtime error,A,Arrays of primitive numeric types are initialized to their default value (0 for int). 0 + 0 + 0 = 0.,2025-06-08 01:29:03
215,Working with Methods and Encapsulation,Method Arguments,What will be the output of this code? public class MethodTest { public static void changeValue(int val) { val = 100; } public static void main(String args) { int data = 50; changeValue(data); System.out.println(data); } },50,100,Compilation error,Runtime error,None of the above.,A,Java uses pass-by-value. A copy of data (50) is passed to val. Modifying val doesn't affect the original data variable.,2025-06-08 01:29:03
216,Working with Inheritance,Interface Evolution (Java 8),Which statement is true about interfaces in Java 8?,Interfaces can have private methods.,Interfaces can have abstract methods default methods and static methods.,Interfaces can have constructors.,Interfaces can extend classes.,Interfaces can implement other interfaces.,B,"Java 8 introduced default and static methods to interfaces, in addition to abstract methods. Private methods were added in Java 9.",2025-06-08 01:29:03
217,Handling Exceptions,Exception Hierarchy,Which exception type is a subclass of RuntimeException?,IOException,SQLException,ClassNotFoundException,IllegalArgumentException,InterruptedException,D,IllegalArgumentException is a direct subclass of RuntimeException (unchecked). The others are checked exceptions.,2025-06-08 01:29:03
218,Working with Java API - StringBuilder,StringBuilder Capacity,What is the initial capacity of a StringBuilder object created with no arguments?,11,16,17,34,Compilation error,B,"When a StringBuilder is created with no arguments, its initial capacity is 16 characters.",2025-06-08 01:29:03
219,Java Basics,Class Components,Which of the following is NOT a component of a Java class?,Field,Method,Constructor,Interface,Nested Class,D,"A Java class consists of fields, methods, constructors, and nested classes. An interface is a separate construct, not a component of a class.",2025-06-08 01:29:03
220,Using Operators and Decision Constructs,Ternary Operator Nesting,What will be printed? int x = 1; int y = 2; int z = x++; int a = --y; int b = z--; b += ++z; int answ = x > a? y > b? y : b : x > z? x : z; System.out.println(answ);,0,1,2,3,-1,C,"After all operations: x=2, y=1, z=1, a=1, b=2. The ternary expression evaluates to b=2.",2025-06-08 01:29:03
221,Using Loop Constructs,Loop Comparison,Which loop construct guarantees execution of its body at least once?,for loop,while loop,do-while loop,enhanced for loop,None of the above.,C,"The do-while loop evaluates its condition after executing the body, guaranteeing at least one execution.",2025-06-08 01:29:03
222,Working with Methods and Encapsulation,Accessing Members,What is the output of this code? public class AccessTest { private int value = 10; public static void main(String args) { AccessTest at = new AccessTest(); System.out.println(at.value); } },10,0,Compilation error,Runtime error,None of the above.,A,"Private members are accessible within the same class. Since main() is part of AccessTest, it can access the private value field.",2025-06-08 01:29:03
223,Handling Exceptions,Exception Handling Advantages,Which is an advantage of the Java exception mechanism?,Provides a set of standard exceptions that covers all possible errors.,Allows the creation of new exceptions customized to the particular program.,Improves program structure by separating error handling code from normal program flow.,Improves program structure because exceptions must be handled in the method in which they occur.,All of the above.,C,"The main advantage is separating error-handling logic from normal business logic, leading to cleaner and more readable code.",2025-06-08 01:29:03
224,Working with Java API - String,StringBuilder vs String,Which statement is true about String and StringBuilder in Java?,String is mutable StringBuilder is immutable.,Both String and StringBuilder are mutable.,String objects are stored on the heap StringBuilder objects are stored in the String pool.,StringBuilder is more efficient for frequent string modifications than String.,String is thread-safe StringBuilder is not.,D,StringBuilder is mutable and more efficient for frequent modifications. String is immutable and creates new objects for each modification.,2025-06-08 01:29:03
225,Java Basics,Package Declaration,Which statement about package declarations is true?,A Java source file can have multiple package declarations.,The package declaration must be the first statement in a Java source file.,If a package is not declared the class belongs to the java.lang package.,If a package is not declared the class belongs to the default package.,Package names must start with a capital letter.,D,"A source file can have at most one package declaration. If no package is declared, the class belongs to the default package.",2025-06-08 01:29:03
226,Working With Java Data Types,Primitive Type Sizes,Which primitive data type has a size of 4 bytes?,byte,short,int,long,char,C,"byte=1 byte, short=2 bytes, int=4 bytes, long=8 bytes, char=2 bytes.",2025-06-08 01:29:03
227,Using Loop Constructs,Loop Control,What will be the output of this code? int i = 0; while (i < 10) { i++; if (i % 2 == 0) continue; System.out.print(i); },13579,02468,123456789,246810,Compilation error,A,"The loop increments i first, then checks if even (continue skips print for even numbers). Only odd values are printed: 1,3,5,7,9.",2025-06-08 01:29:03
228,Working with Inheritance,Covariant Return Types,What can be substituted for XXX and YYY? class A { public XXX m1(int a) { return a * 10 / 4 - 30; } } class A2 extends A { public YYY m1(int a) { return a * 10 / 4.0; } },int int,int double,double double,double int,Nothing they are not compatible.,C,"For overriding, return types must be same or covariant. double can accommodate int results, and double can be returned as double.",2025-06-08 01:29:03
229,Handling Exceptions,Method Signature and Throws,Which method declaration is valid?,public void method() throws Exception { throw new IOException(); },public void method() { throw new IOException(); },public void method() throws IOException { throw new Exception(); },public void method() throws RuntimeException { throw new IOException(); },public void method() { throw new RuntimeException(); },E,Unchecked exceptions (RuntimeException) don't require declaration in throws clause. Option E is valid.,2025-06-08 01:29:03
230,Java Basics,Import Statements,Which statement about import statements is true?,They must appear before the package declaration.,They are optional if using fully qualified names.,They can import multiple specific classes with a single statement using a wildcard.,They can import specific methods from a class.,All of the above.,B,Import statements are optional if you use fully qualified names. They must appear after package declaration and cannot import specific methods (only classes or static members).,2025-06-08 01:29:03
231,Using Operators and Decision Constructs,Comparison Operators,What is the output of this code? System.out.println(10 > 5 && 20 < 30); System.out.println(10 == 10 || 5 != 5);,true true,true false,false true,false false,Compilation error,A,"First: 10>5 is true, 20<30 is true, true&&true=true. Second: 10==10 is true, 5!=5 is false, true||false=true.",2025-06-08 01:29:03
232,Working with Methods and Encapsulation,Static Method Call,Which is a valid way to call the static method printMessage() from outside its class Utils?,Utils.printMessage();,new Utils().printMessage();,printMessage(); (if in same package),Both A and B are valid.,Only A is valid.,A,"Static methods should be called using the class name. While option B might work, it's bad practice as it implies instance method usage.",2025-06-08 01:29:03
233,Working with Inheritance,Instanceof Operator,What is the output of this code? class Animal {} class Dog extends Animal {} public class Test { public static void main(String args) { Animal a = new Dog(); System.out.println(a instanceof Animal); System.out.println(a instanceof Dog); } },true true,true false,false true,false false,Compilation error,A,"a refers to a Dog object. Since Dog is an Animal (inheritance), both instanceof checks return true.",2025-06-08 01:29:03
234,Working with Java API - Time and Date,Period and Duration,Which statement about Period and Duration is true?,Period represents a time-based amount Duration represents a date-based amount.,Both Period and Duration are immutable.,Period is used for hours minutes seconds; Duration for years months days.,Period can be negative Duration cannot.,Period and Duration can be added to LocalDateTime interchangeably.,B,"Both Period and Duration are immutable. Period is for date-based amounts (years, months, days), Duration is for time-based amounts.",2025-06-08 01:29:03
235,Working with Java API - ArrayList,ArrayList Capacity,What is the initial capacity of an ArrayList created with no arguments?,0,5,10,16,Compilation error,C,ArrayList's default constructor creates an array with initial capacity of 10.,2025-06-08 01:29:03
236,Java Basics,Main Method Arguments,What will be the output when running: java MyClass Hello World? public class MyClass { public static void main(String[] args) { System.out.println(args[0] + args[1]); } },HelloWorld,Hello World,Hello,Compilation error,Runtime error (ArrayIndexOutOfBoundsException),A,"Command line arguments are stored in args array. args[0]=""Hello"", args[1]=""World"". String concatenation produces ""HelloWorld"".",2025-06-08 01:29:03
237,Working with Inheritance,Superclass Constructor Call,Which statement is true regarding super() and this() in Java constructors?,super() and this() can be called anywhere in a constructor.,super() must be the first statement in a constructor if present.,this() must be the first statement in a constructor if present.,A constructor can call both super() and this().,super() and this() can only be called in static methods.,C,"Both super() and this() must be the first statement if present. A constructor can call either super() or this(), but not both.",2025-06-08 01:29:03
238,Handling Exceptions,Custom Exceptions,Which is true about creating a custom checked exception in Java?,It must extend RuntimeException.,It must extend Error.,It must extend Throwable directly.,It must extend Exception or a subclass of Exception (but not RuntimeException).,It must extend IOException.,D,"Custom checked exceptions must extend Exception or its subclasses, excluding RuntimeException and its subclasses (which are unchecked).",2025-06-08 01:29:03
239,Java Basics,Class Definition,Which is a valid Java class definition?,class MyClass { public MyClass() {} },public class MyClass { public static void main(String[] args) {} },class MyClass extends AnotherClass {},interface MyInterface { void method(); },All of the above are valid class or interface definitions.,E,All options show valid ways to define classes or interfaces in Java.,2025-06-08 01:29:03
240,Working With Java Data Types,Object References,What is the output of this code? Object obj1 = new Object(); Object obj2 = obj1; obj1 = null; System.out.println(obj2);,null,java.lang.Object@... (memory address),Compilation error,Runtime error,undefined,B,"obj2 refers to the same Object instance as obj1 initially did. Setting obj1 to null doesn't affect obj2, which still refers to the original Object instance.",2025-06-08 01:29:03